{
    "accessToken": "pk.eyJ1IjoiaHV2aWFpci1zdXBwb3J0IiwiYSI6ImNrcDExdjR5cTBwdjMydmxnYTdmd2dpZ2wifQ.d6figl1RsWWYjkAd1OzcyQ",
    "azureMediaContainer" : "https://huviairinspection.blob.core.windows.net/media/",
    "azureDocumentsContainer" : "https://huviairinspection.blob.core.windows.net/documents/",
    "projectAPI":"https://constra-api.huviair.com:3000/v1/project/api",
    "securityAPI":"https://constra-api.huviair.com:3000/v1/security/api",
    "azureBlobThumbnailContainer": "https://huviairinspection.blob.core.windows.net/rawdata-sm/",
    "vimeoPlayerUrl": "https://player.vimeo.com/video/",
    "hlsStreamingUrl":"https://60a247b1bccb7.streamlock.net/huvi_prod_vod/_definst_/mp4:https/deviceId/playlist.m3u8",
    "INTERIOR_TOUR" : "Interior_tour_published",
    "MEDIA_UPLOADED" : "Media_uploaded",
    "AERIAL_TOUR_PUBLISHED": "Aerial_tour_published"
    
}