{
  "project_info": {
    "project_number": "633762914649",
    "project_id": "constra-437c5",
    "storage_bucket": "constra-437c5.appspot.com"
  },
  "client": [
    {
      "client_info": {
        "mobilesdk_app_id": "1:633762914649:android:8537f1f5e59f1893a36c48",
        "android_client_info": {
          "package_name": "com.huviair.capture"
        }
      },
      "oauth_client": [
        {
          "client_id": "633762914649-ieos7gpu6amp166msnlk5g3qglia7vnl.apps.googleusercontent.com",
          "client_type": 3
        }
      ],
      "api_key": [
        {
          "current_key": "AIzaSyCkyClt4c4eJsTYanfE8-HqvbzdVoU_1nM"
        }
      ],
      "services": {
        "appinvite_service": {
          "other_platform_oauth_client": [
            {
              "client_id": "633762914649-ieos7gpu6amp166msnlk5g3qglia7vnl.apps.googleusercontent.com",
              "client_type": 3
            },
            {
              "client_id": "633762914649-bkpbkj56rsh0emt1uhkmlpuuj7q1r1c6.apps.googleusercontent.com",
              "client_type": 2,
              "ios_info": {
                "bundle_id": "com.huviair.constra"
              }
            }
          ]
        }
      }
    },
    {
      "client_info": {
        "mobilesdk_app_id": "1:633762914649:android:520e1583034261dba36c48",
        "android_client_info": {
          "package_name": "com.huviair.constra"
        }
      },
      "oauth_client": [
        {
          "client_id": "633762914649-ieos7gpu6amp166msnlk5g3qglia7vnl.apps.googleusercontent.com",
          "client_type": 3
        }
      ],
      "api_key": [
        {
          "current_key": "AIzaSyCkyClt4c4eJsTYanfE8-HqvbzdVoU_1nM"
        }
      ],
      "services": {
        "appinvite_service": {
          "other_platform_oauth_client": [
            {
              "client_id": "633762914649-ieos7gpu6amp166msnlk5g3qglia7vnl.apps.googleusercontent.com",
              "client_type": 3
            },
            {
              "client_id": "633762914649-bkpbkj56rsh0emt1uhkmlpuuj7q1r1c6.apps.googleusercontent.com",
              "client_type": 2,
              "ios_info": {
                "bundle_id": "com.huviair.constra"
              }
            }
          ]
        }
      }
    }
  ],
  "configuration_version": "1"
}